{"cameraMode":{"drawMode":0,"name":"Shaded","section":"Shading Mode"},"sceneLighting":false,"audioPlay":false,"sceneViewState":{"m_AlwaysRefresh":false,"showFog":false,"showSkybox":false,"showFlares":false,"showImageEffects":false,"showParticleSystems":false,"showVisualEffectGraphs":true,"m_FxEnabled":true},"in2DMode":false,"pivot":{"x":0.8054311871528626,"y":0.5240683555603027,"z":16.93000030517578},"rotation":{"x":0.7412959337234497,"y":0.053094446659088138,"z":-0.059059251099824908,"w":0.6664707660675049},"size":0.7942611575126648,"orthographic":true}