{"cameraMode":{"drawMode":0,"name":"Shaded","section":"Shading Mode"},"sceneLighting":true,"audioPlay":false,"sceneViewState":{"m_AlwaysRefresh":false,"showFog":false,"showSkybox":false,"showFlares":false,"showImageEffects":false,"showParticleSystems":false,"showVisualEffectGraphs":true,"m_FxEnabled":true},"in2DMode":false,"pivot":{"x":339.92657470703127,"y":265.02093505859377,"z":4967.60009765625},"rotation":{"x":0.3155075013637543,"y":0.007116139400750399,"z":-0.0023678590077906849,"w":0.9488963484764099},"size":7067.78857421875,"orthographic":true}