{"cameraMode":{"drawMode":0,"name":"Shaded","section":"Shading Mode"},"sceneLighting":false,"audioPlay":false,"sceneViewState":{"m_AlwaysRefresh":false,"showFog":false,"showSkybox":false,"showFlares":false,"showImageEffects":false,"showParticleSystems":false,"showVisualEffectGraphs":true,"m_FxEnabled":true},"in2DMode":false,"pivot":{"x":18.969013214111329,"y":-25.892240524291993,"z":0.8939917087554932},"rotation":{"x":-0.023856697604060174,"y":-0.9631949067115784,"z":0.09129379689693451,"w":-0.2516999840736389},"size":2.0193426609039308,"orthographic":false}