{"cameraMode":{"drawMode":0,"name":"Shaded","section":"Shading Mode"},"sceneLighting":false,"audioPlay":false,"sceneViewState":{"m_AlwaysRefresh":false,"showFog":false,"showSkybox":false,"showFlares":false,"showImageEffects":false,"showParticleSystems":false,"showVisualEffectGraphs":true,"m_FxEnabled":true},"in2DMode":false,"pivot":{"x":-23.1854190826416,"y":0.6100000143051148,"z":-7.4636688232421879},"rotation":{"x":0.2521733045578003,"y":-0.02322239801287651,"z":0.0060517387464642529,"w":0.9673881530761719},"size":0.9526276588439941,"orthographic":true}