{"cameraMode":{"drawMode":0,"name":"Shaded","section":"Shading Mode"},"sceneLighting":false,"audioPlay":false,"sceneViewState":{"m_AlwaysRefresh":false,"showFog":false,"showSkybox":false,"showFlares":false,"showImageEffects":false,"showParticleSystems":false,"showVisualEffectGraphs":true,"m_FxEnabled":true},"in2DMode":false,"pivot":{"x":-0.9426512718200684,"y":-0.47658801078796389,"z":1.5637439489364625},"rotation":{"x":0.3101012408733368,"y":0.3101012110710144,"z":-0.10777896642684937,"w":0.8922216892242432},"size":1.7737700939178467,"orthographic":true}